ChA	3.3	
ChB	3.3	
vp1	4.23326	
vp1	4.200536	
