ChA	3.3	
ChB	3.3	
vp1	1.9037076	
vp1	1.8593851	
